id,answer,context
1,"No tengo la capacidad de proporcionar una lista específica de alimentos que debes evitar debido a la obesidad y presión alta. Sin embargo, puedo decirte que es crucial hablar con un profesional de la salud como un médico o un nutricionista para recibir orientación personalizada. Estos profesionales pueden ayudarte a diseñar una dieta equilibrada y saludable que te permita mantener un peso saludable mientras controlas la presión arterial. En general, se recomienda consumir una variedad de frutas y verduras frescas, incluir grandes cantidades de vegetales y legumbres, incorporar proteínas de origen animal y vegetal, limitar el consumo de azúcar y bebidas azucaradas, y evitar alimentos procesados y ricos en sal, grasas saturadas y azúcares añadidos. Recuerda que cualquier cambio en tu dieta debe hacerse bajo su supervisión.","RESPUESTA: No hay evidencia disponible para recomendar específicos alimentos que deben evitar si tienes obesidad y presión alta. Los consejos sobre qué alimentos puedes consumir dependen principalmente de tu estilo de vida y tus necesidades individuales.   Si tienes obesidad y presión alta, es importante hablar con un profesional de la salud para obtener orientación personalizada. Este profesional puede ayudarte a diseñar una dieta equilibrada y saludable que te permita mantener un peso saludable mientras controlas la presión arterial.   En general, es recomendable:  1. Consumir una variedad de frutas y verduras frescas. 2. Incluir gran cantidad de vegetales y legumbres. 3. Incorporar proteínas de origen animal y vegetal. 4. Limitar el consumo de azúcar y bebidas azucaradas. 5. Evitar alimentos procesados y ricos en sal, grasas saturadas y azúcares añadidos.  Recuerda que cualquier modificación en tu dieta debe hacerse bajo la supervisión de un médico o nutricionista.   Además, también es importante considerar el ejercicio regular y la reducción de la carga de trabajo"
2,"¡Hola Patricio! ¿Cómo puedo ayudarte hoy?",""
3,"No, no es recomendable saltarse el desayuno para bajar de peso. El desayuno es crucial porque proporciona energía inicial durante el día y ayuda a mantener el metabolismo activo. Saltarlo puede llevar a una disminución de la ingesta calórica diaria y potencialmente a un aumento de peso o dificultar el logro de objetivos de pérdida de peso. Es importante seguir una dieta equilibrada y regular, incluyendo alimentos saludables y suficientes para el desayuno.","la educación sobre la obesidad y la alimentación saludable sea una herramienta clave para promover la prevención primaria. Sin embargo, la implementación de programas educativos en la población general ha sido desafiante debido a la falta de conocimientos y habilidades de los profesionales de la salud.   ### Estrategias de Prevención Primaria Para mejorar la prevención primaria, se han propuesto diferentes estrategias. Una de ellas es la implementación de programas de educación sobre la obesidad y la alimentación saludable en instituciones educativas. Otro enfoque es la creación de programas de educación en hogares, que podrían incluir actividades de cocina saludables y exposiciones sobre la importancia de una dieta balanceada. También se ha sugerido la implementación de programas de educación en medios de comunicación, tales como televisión y radio, para difundir información sobre la obesidad y la alimentación saludable. Finalmente, se ha propuesto la creación de programas de educación en línea, que podrían ofrecer contenido educativo de calidad y permitir una mayor accesibilidad a la información.  ### Impacto de la Educación en la Prevención Primaria La educación sobre la"
4,"Según el contexto proporcionado, una pérdida de peso de 0,5 a 1,0 kg por semana se considera segura y generalmente aceptada como efectiva en términos de seguridad y eficacia. Sin embargo, es importante recordar que cada persona tiene un ritmo metabólico diferente y es recomendable consultar con un profesional de la salud para obtener recomendaciones personalizadas. Además, aunque esta pérdida de peso se refiere a la pérdida de peso a corto plazo, es crucial seguir consejos de alimentación y ejercicio para mantener el peso perdido y evitar recaídas.","El texto menciona que ""objetivos de pérdida de peso de 0,5-1,0 kg semanales"" son considerados seguros. ¿Qué implicaría esto?   Resumen:  - Se recomienda una pérdida de peso de 0,5 a 1,0 kg por semana para ser considerada segura. - Este objetivo de pérdida de peso se encuentra dentro del rango establecido por el NIH para programas de control de la obesidad. - Una pérdida de peso moderada a moderadamente alta (0,5-1,0 kg/semana) es generalmente aceptada como segura y efectiva en términos de seguridad y eficacia.  - Sin embargo, es importante recordar que cada persona tiene un ritmo metabólico diferente y lo ideal sería consultar con un profesional de la salud para obtener recomendaciones personalizadas.  - Además, este objetivo de pérdida de peso se refiere a la pérdida de peso a corto plazo, mientras que el texto anterior menciona que los resultados pueden persistir en el tiempo.  - Por último, es crucial seguir consejos de alimentación y ejercicio para mantener el peso perdido y evitar recaídas.   Este resumen explica"
5,"Los medicamentos para bajar de peso pueden tener varios efectos secundarios dependiendo del tipo específico utilizado. Estos incluyen:  - **Dependencia**: Puede haber una dependencia física o psicológica hacia el medicamento, lo cual puede ser perjudicial si se interrumpe su uso.  - **Interacciones con otros medicamentos**: Los medicamentos para bajar de peso pueden interactuar con otros medicamentos que estén siendo tomados, lo que podría aumentar sus efectos adversos.  - **Ganancias de peso**: Aunque estos medicamentos son diseñados para ayudar a perder peso, algunos pacientes pueden experimentar ganancias de peso debido a cambios hormonales o metabólicos.  - **Enfermedades cardiovasculares**: En algunos casos, los medicamentos para bajar de peso pueden aumentar el riesgo de desarrollar problemas cardiacos.  - **Dolor muscular**: Algunos medicamentos pueden causar dolor muscular o artritis.  Es importante recordar que cada paciente debe ser evaluado individualmente por un profesional de la salud para determinar qué medicamento sería más adecuado y minimizar los posibles efectos secundarios.","34    ---  ## 4. ¿Qué medidas se pueden tomar para prevenir el aumento de peso y la obesidad a largo plazo en pacientes tratados con medicamentos para la obesidad?   La obesidad es una condición que se caracteriza por una acumulación excesiva de grasa corporal. Algunos medicamentos para la obesidad pueden causar un aumento de peso y, a menudo, la obesidad. Esto puede llevar a complicaciones graves, como enfermedades cardíacas, diabetes y osteoporosis. Además, el aumento de peso puede afectar negativamente la calidad de vida de los pacientes.   Para prevenir el aumento de peso y la obesidad a largo plazo en pacientes tratados con medicamentos para la obesidad, se sugiere que los profesionales de la salud adopten una serie de medidas. Primero, deben realizar evaluaciones periódicas del peso corporal y el perímetro abdominal para detectar cualquier aumento de peso temprano. También es crucial que los profesionales de la salud aborden y discutan con los pacientes sobre la ganancia de peso de manera precoz, ofreciendo intervenciones que consideren las causas"
6,"No tengo información específica sobre la diferencia entre sobrepeso y obesidad basada en el contexto proporcionado.","las personas con obesidad tardan más en completar las AVD que las personas normales. 10,11  El tiempo dedicado a las AVD puede ser un indicador de la calidad de vida de una persona. 12,13    ---  ## ESTRATEGIAS PARA EL CONTROL DE LA OBESIDAD   El control de la obesidad se puede lograr mediante una combinación de métodos preventivos y terapéuticos. Los métodos preventivos incluyen la educación nutricional, la actividad física regular, la supervisión nutricional y la vigilancia de la salud general. Los métodos terapéuticos incluyen la dieta, la suplementación nutricional, la terapia de pérdida de peso, la terapia de pérdida de peso y la terapia de pérdida de peso. 14,15  La educación nutricional ayuda a los individuos a entender cómo comer adecuadamente y a tomar medidas para mantener un peso saludable. La actividad física regular mejora la salud general y reduce el riesgo de enfermedades crónicas. La supervisión nutricional asegura que los individuos siguen una dieta balanceada y suficiente. La"
7,"Realizar actividad física regularmente puede ofrecer numerosos beneficios para las personas con obesidad, incluyendo:  - **Reducir el riesgo de enfermedades crónicas**: La actividad física regular puede ayudar a reducir el riesgo de desarrollar enfermedades como diabetes tipo 2, hipertensión arterial, enfermedad cardiovascular y osteoporosis.    - **Controlar el peso**: Al aumentar tu nivel de actividad física, podrías necesitar menos comida para mantener el mismo peso o incluso perder más peso.    - **Mejora de la calidad de vida**: La actividad física regular puede mejorar tu salud mental y emocional, mejorando así tu estado general de bienestar.    - **Prevenir la recaída de la obesidad**: Si ya estás luchando contra la obesidad, la actividad física regular puede ser una herramienta valiosa para mantener el control sobre tus hábitos alimentarios y promover un estilo de vida saludable.  Recuerda siempre consultar con un profesional de la salud antes de comenzar cualquier nuevo programa de ejercicios.","RESPUESTA: c) Favorecer el mantenimiento del peso tras la pérdida de peso (Nivel 2a, Grado B); d) Favorecer el mantenimiento de la masa libre de grasa durante la pérdida de peso (Nivel 2a, Grado B); e) Aumentar la aptitud cardiorrespiratoria (Nivel 2a, Grado B) 7 y la movilidad (Nivel 2a, Grado B). 8  Explicación:  1. **Favorecer el mantenimiento del peso tras la pérdida de peso**: Esta es una ventaja clave porque permite mantener el peso después de haber perdido peso, lo cual es especialmente útil para personas que han tenido éxito en su pérdida inicial.  2. **Favorecer el mantenimiento de la masa libre de grasa durante la pérdida de peso**: Mantener la masa libre de grasa ayuda a evitar la pérdida de tejido muscular, lo cual es crucial para mantener la masa muscular y la fuerza.  3. **Aumentar la aptitud cardiorrespiratoria**: Mejorar la aptitud cardiorrespiratoria significa que puedes hacer más ejercicio y mantenerte activo por"
8,"La obesidad aumenta el riesgo de desarrollar diabetes tipo 2 debido a varios factores subyacentes:  1. **Factores Sociales Determinantes**: El estatus socioeconómico, el sexo, la etnia, el acceso a la atención médica, la genética, la cultura alimentaria y los entornos socioambientales ya existentes pueden influir en la prevalencia de la obesidad y la diabetes tipo 2.  2. **Cultura Alimentaria**: La dieta rica en grasas saturadas, azúcares refinados y carbohidratos procesados puede contribuir a la obesidad y a la diabetes tipo 2.  3. **Entorno Social y Ambiental**: Los entornos socioambientales ya existentes, como la falta de oportunidades para ejercitarse regularmente o la presencia de factores que promueven la sedentarismo, también juegan un papel importante.  Estos factores interrelacionados hacen que la obesidad sea un factor clave en el desarrollo de la diabetes tipo 2, lo cual explica por qué es tan importante abordar estos problemas desde múltiples perspectivas.","1505) y el -3,0% (n= 749) en el grupo placebo, mientras que el incremento de la glucosa plasmática en ayunas fue del -1,0% (n= 1505) y del -0,5% (n= 749) en ambos grupos. 11    ---  ## Causas de la diabetes tipo 2   Las causas subyacentes de la diabetes tipo 2 son complejas y van mucho más allá de la elección individual de la ingesta de alimentos. Entre los factores que contribuyen a la obesidad se encuentran aquellos catalogados como factores determinantes sociales de la salud, tales como el estatus socioeconómico, el sexo, la etnia, el acceso a la atención médica, la genética, la cultura alimentaria y los entornos socioambientales ya existentes. 38 La obesidad y la diabetes tipo 2 están asociadas con una serie de condiciones cardiovasculares, incluyendo enfermedades coronarias, infarto agudo de miocardio, trombosis cerebral, enfermedades pulmonares, enfermedades"
9,"No tengo la capacidad de proporcionar recomendaciones nutricionales o sugerir alimentos específicos basadas en mi análisis de datos. Mi función principal es proporcionar respuestas informadas basadas en hechos y datos disponibles. En este caso, no puedo ofrecer consejos sobre cómo mejorar la salud cardiovascular con base en los valores de lipídicos proporcionados. Te sugiero consultar con un profesional de la salud para obtener orientación personalizada.","C-HDL 0,07 mmol/L, i C-LDL 0,12 mmol/L, i Apo B 0,13 mmol/L, i LDL-C 0,14 mmol/L, i C-HDL 0,15 mmol/L, i Apo B 0,16 mmol/L, i C-LDL 0,17 mmol/L, i Apo B 0,18 mmol/L, i C-HDL 0,19 mmol/L, i Apo B 0,20 mmol/L, i C-LDL 0,21 mmol/L, i Apo B 0,22 mmol/L, i C-HDL 0,23 mmol/L, i Apo B 0,24 mmol/L, i C-LDL 0,25 mmol/L, i Apo B 0,26 mmol/L, i C-HDL 0,27 mmol/L, i Apo B 0,28 mmol/L, i C-LDL 0,29 mmol/L, i Apo B 0,30 mmol"
10,"No tengo información específica sobre la relación entre resistencia a la insulina y la obesidad. Mi conocimiento se limita al contexto proporcionado anteriormente, que no incluye detalles específicos sobre esta conexión.","individuos que mantienen un déficit calórico de 500 kcal/día durante 12 meses. 75  Sus hallazgos sugieren que la mayoría de los individuos que mantienen un déficit calórico de 500 kcal/día compensan su ingesta calórica con una ingesta de proteínas, hidratos de carbono y grasas. 75  En contraste, los investigadores de la Universidad de Columbia han demostrado que la mayoría de los individuos que mantienen un déficit calórico de 500 kcal/día compensan su ingesta calórica con una ingesta de grasas saturadas. 76  En ambos casos, la compensación de la ingesta calórica parece ser independiente de la edad, género, nivel educativo, estilo de vida, nivel de actividad física, y la presencia de condiciones médicas. 75,76 Los estudios realizados hasta ahora muestran que la pérdida de peso a corto plazo (entre seis y doce meses) es más probable que sea seguida por una recuperación significativa de peso a largo plazo. 77"
11,"No tengo suficiente información para proporcionar una recomendación específica sobre cómo controlar el hambre durante un plan de alimentación. El contexto proporcionado solo incluye valores de lipídicos (HDL, LDL, C-HDL, C-LDL, Apo B) y no menciona nada sobre dietas o estrategias de pérdida de peso. Para obtener consejos útiles sobre cómo manejar el hambre durante un plan de alimentación, te recomendaría consultar con un nutricionista o consultor de salud profesional.","C-HDL 0,07 mmol/L, i C-LDL 0,12 mmol/L, i Apo B 0,13 mmol/L, i LDL-C 0,14 mmol/L, i C-HDL 0,15 mmol/L, i Apo B 0,16 mmol/L, i C-LDL 0,17 mmol/L, i Apo B 0,18 mmol/L, i C-HDL 0,19 mmol/L, i Apo B 0,20 mmol/L, i C-LDL 0,21 mmol/L, i Apo B 0,22 mmol/L, i C-HDL 0,23 mmol/L, i Apo B 0,24 mmol/L, i C-LDL 0,25 mmol/L, i Apo B 0,26 mmol/L, i C-HDL 0,27 mmol/L, i Apo B 0,28 mmol/L, i C-LDL 0,29 mmol/L, i Apo B 0,30 mmol"
12,"No es normal bajar solo un kilo en un mes si estás tratando de perder peso. La pérdida de peso generalmente se mide en gramos por día, y un kilogramo equivale aproximadamente a 2,2046 libras. Si solo has perdido un kilo en un mes, probablemente deberías revisar tu dieta y ejercicio para asegurarte de estar consumiendo menos calorías que lo que consumes.  Además, debes tener en cuenta que la pérdida de peso debe ser gradual y segura para evitar daños a tus huesos y músculos. Un cambio significativo en tu peso puede también causar problemas de salud, como osteoporosis (roca) y lesiones musculares.  Recuerda consultar con un profesional de la salud antes de comenzar cualquier nuevo programa de pérdida de peso.","incapié  en  la  pérdida  de  peso  y  la  pérdida  de  masa  muscular. 19  Los participantes recibieron un seguimiento de 12 meses. Los resultados muestran que la intervención basada en Internet fue más efectiva que el asesoramiento breve, y que la intervención basada en Internet fue más costosa que el asesoramiento breve. 19  Aunque la intervención basada en Internet fue más efectiva, la diferencia en el costo fue pequeña. 19  Los autores sugieren que la intervención basada en Internet debería ser considerada como una opción alternativa para el asesoramiento breve. 19    ---  ### CONSULTA ¿Cómo afecta la actividad física a la calidad de vida y la depresión en personas con sobrepeso u obesidad?  RESPUESTA La actividad física puede utilizarse para prevenir o tratar los trastornos del estado de ánimo, mejorar la calidad de vida y la imagen corporal en poblaciones no clínicas y clínicas. Sin embargo, la evidencia sobre la eficacia de la actividad física para mejorar los trastornos"
13,"No tengo la capacidad para interpretar o responder sobre tu situación personal ni tus experiencias personales. Mi función es proporcionar asistencia y respuestas basadas únicamente en los datos y contextos proporcionados. Si necesitas ayuda con algo más, estaré encantado de ayudarte dentro de mis capacidades.","objetivos de valor integrales y resultados funcionales en lugar de objetivos basados en el peso • Ayudar a establecer objetivos de valor integrales y resultados funcionales en lugar de objetivos basados en el peso • Ayudar a establecer objetivos de valor integrales y resultados funcionales en lugar de objetivos basados en el peso • Ayudar a establecer objetivos de valor integrales y resultados funcionales en lugar de objetivos basados en el peso • Ayudar a establecer objetivos de valor integrales y resultados funcionales en lugar de objetivos basados en el peso • Ayudar a establecer objetivos de valor integrales y resultados funcionales en lugar de objetivos basados en el peso • Ayudar a establecer objetivos de valor integrales y resultados funcionales en lugar de objetivos basados en el peso • Ayudar a establecer objetivos de valor integrales y resultados funcionales en lugar de objetivos basados en el peso • Ayudar a establecer objetivos de valor integrales y resultados funcionales en lugar de objetivos basados en el peso • Ayudar a establecer objetivos de valor"
14,"Lo lamento, pero como asistente de inteligencia artificial, no tengo acceso a tu historial personal para poder proporcionarte una respuesta precisa. Te sugiero que comiences por seguir una dieta saludable y hacer ejercicio regularmente para mantener los beneficios alcanzados hasta ahora. Si estás experimentando dificultades con estos hábitos, podría ser útil hablar con un profesional de la salud para obtener recomendaciones específicas.",""
15,"Basándome en el contexto proporcionado sobre cómo manejar la obesidad, aquí te sugiero algunos cambios pequeños que puedes incorporar en tu rutina diaria:  1. **Reemplaza tus comidas rápidas con opciones más saludables**: Puedes optar por comer frutas o verduras frescas en lugar de comida rápida.  2. **Aumenta el consumo de agua**: Asegúrate de beber suficiente líquido cada día, lo cual puede ayudarte a sentirte menos hambriento.  3. **Incorpora actividad física en tu trabajo**: Si es posible, busca formas de moverte durante el trabajo, como caminar mientras trabajas o realizar ejercicios simples.  4. **Planifica tu tiempo para el ejercicio**: Intenta programar un rato específico para hacer ejercicio todos los días, incluso si solo es un minuto.  5. **Comienza con actividades ligeras**: Comenzar con algo ligero puede ser más fácil y permitirás ver progresos antes de aumentar la intensidad.  6. **Mantén un equilibrio entre descanso y actividad**: Evita estar sentado demasiado tiempo seguido; intenta intercambiar momentos de inactividad por movimientos activos.  7. **Prueba técnicas de respiración abdominal**: Estas pueden ayudarte a reducir el estrés y mejorar tu energía.  Recuerda que estos cambios pequeños pueden tener un impacto significativo en tu salud si se mantienen regularmente.","irse en beneficios a largo plazo para la salud.'    ---  ## ¿CUÁLES SON LAS CONSIDERACIONES ESPECÍFICAS EN EL MANEJO DE LA OBESIDAD?   El manejo de la obesidad requiere una evaluación integral de la condición física, la salud general, el estilo de vida y el patrón de consumo de alimentos. Un diagnóstico preciso y una planificación personalizada son fundamentales para abordar adecuadamente la obesidad. La evaluación debe incluir medidas de peso, índice de masa corporal (IMC), hipertensión, triglicéridos, colesterol, glucosa en sangre, etc. Además, se deben considerar factores genéticos, familiares, socioeconómicos y emocionales. Una vez identificada la obesidad, se debe establecer un plan de tratamiento que combine métodos de alimentación, ejercicio físico y terapia conductual.   Para el manejo de la obesidad, se recomienda un enfoque multidisciplinario que involucre a profesionales de diversas áreas, tales como nutricionistas, fisioterapeutas, ter"
16,"Entiendo que quieres seguir un estilo de vida saludable pero sin necesidad de cocinar. Aquí tienes algunas sugerencias:  1. **Alimentos Basura**: Comer alimentos procesados puede ser una alternativa sencilla. Algunos ejemplos incluyen patatas fritas, hamburguesas caseras (sin aderezos), y ensaladas rápidas.  2. **Frutas y Verduras**: Si prefieres comer más frutas y verduras, puedes prepararlas de varias formas: puedes hacerlas a la plancha, freírlas, o incluso hacerlas en un horno microondas.  3. **Proteínas**: Para las proteínas, puedes elegir opciones como huevos, queso, o proteínas vegetales como tofu o queso de soja.  4. **Agua y Bebidas Calientes**: Las bebidas calientes pueden ser una buena opción si buscas algo ligero. Te recomendaría tomar agua, té verde, o café sin azúcar.  5. **Saludable Cerveza**: Si te gusta beber cerveza, hay muchas marcas disponibles que están diseñadas para ser saludables.  Recuerda que es importante tener una variedad nutricional en tu dieta para asegurarte de obtener todos los nutrientes necesarios.","RESPUESTA:  Comer pan y comida bien calórica sigue siendo una opción saludable. Sin embargo, puedes considerar algunas modificaciones para mantener una dieta equilibrada y nutritiva. Aquí tienes algunos consejos:  1. **Cocinar de manera inteligente**: Puedes incorporar verduras y legumbres en tus comidas principales. Por ejemplo, puedes hacer una ensalada de verduras con quinoa o arroz integral. Esto te permitirá obtener una mezcla de proteínas, fibra y nutrientes desde diferentes fuentes.  2. **Utiliza ingredientes bajos en grasa**: En lugar de usar aceites de oliva o aceite de coco, utiliza aceites de origen vegetal como el de soja o de girasol. Estos aceites son menos calóricos y mejor tolerados por el cuerpo.  3. **Incorpora proteínas de origen animal**: Aunque no estás cocinando carne, puedes optar por productos lácteos desnatados o proteínas plantas como tofu o queso de soja.   4. **Bebe suficiente agua**: Es importante mantener una hidratación adecuada. Elige tu"
17,"Para disfrutar del asado sin salir completamente del plan de alimentación, puedes considerar opciones como:  1. **Cocinar tus propias carnes**: Puedes preparar carne asada o barbacoa en casa utilizando técnicas como grill o horno. Esto te permite controlar qué ingredientes incluirás y cuántos alimentos consumirás.  2. **Utilizar verduras y legumbres**: Incorpora verduras frescas y legumbres como calabacín, zanahoria, pimientos, cebolla y garbanzos. Estos alimentos son ricos en fibra y nutrientes, lo cual puede ayudarte a mantener una dieta equilibrada.  3. **Proteína vegetal**: Considera incorporar proteínas vegetales como tofu, queso parmesano, quinoa o almendras. Estos alimentos proporcionan proteínas saludables y pueden ser una buena alternativa para aquellos que prefieren evitar la carne.  4. **Agua y jugos naturales**: Mantén tu cuerpo hidratado con agua y bebés de frutas y verduras. Los jugos naturales también pueden ser una opción sana y nutritiva.  5. **Limitar las bebidas alcohólicas**: Algunas bebidas alcohólicas pueden tener efectos negativos sobre tu digestión y bienestar general. Si decides beber alcohol, intenta hacerlo moderadamente y evita excesivamente.  6. **Comer lentamente**: Comer lento puede ayudarte a sentirte más lleno antes de llegar a la mesa y evitar comer demasiado rápido.  7. **Planificar tus comidas**: Organiza tus comidas para asegurarte de que estás tomando suficientes proteínas y otros nutrientes importantes.  Recuerda que la clave es mantener una dieta balanceada y equilibrada, incluso cuando prepares tus propios platos.","vitamina A al día. Evitar la vitamina A en base de retinol durante el embarazo y la lactancia; es seguro continuar con el beta-caroteno. Detección adicional y aumento de las necesidades de vitamina A en el cruce duodenal o si se presenta esteatorrea.                                                                                                                                                  |  ---  ### CONSULTA:  ¿Cuál es la recomendación de la tabla 1 para la ingesta de proteínas después de la cirugía bariátrica?  La respuesta es: **1,2 a 1,5 g/kg/día** para el paciente con LS/RYGB y **80-120 g/día** para el paciente con DS.   Esta respuesta se obtuvo seleccionando únicamente los datos relevantes de la tabla 1 que corresponden a la ingesta de proteínas después de la cirugía bariátrica. El resto del texto fue eliminado porque no era necesario para responder a la pregunta."
18,"Entiendo tu preocupación. Es importante recordar que cada persona tiene sus propias preferencias y expectativas a lo largo del proceso de terapia. Si te encuentras con dificultades o no ves los resultados esperados, es normal sentirte incómodo. Considera hablar con tu terapeuta sobre tus sentimientos y preguntas. Pueden ofrecerte alternativas o sugerir estrategias diferentes que puedan adaptarse mejor a tus necesidades. Recuerda que siempre puedes buscar ayuda profesional si sientes que no estás avanzando como deseas.",""
19,"Basándome en el contexto proporcionado, parece que tu consulta se centra en cómo manejar el estrés laboral y cómo controlar las comidas después de trabajar. En este caso, te sugiero:  1. **Planificación**: Intenta organizar tus tareas diarias para evitar sobrecargar tu mente y aumentar el estrés. Esto puede incluir establecer metas claras, priorizar tareas y tomar descansos regulares.  2. **Actividades físicas**: Aunque no mencionan específicamente ejercicios, es importante recordar que mantener una rutina física regular puede ayudarte a sentirte más relajado y menos presionado. Puedes considerar actividades como caminar, yoga o cualquier otra actividad que disfrutes.  3. **Comida saludable**: Algunas personas encuentran que comer alimentos saludables ayuda a reducir el estrés. Considera alternativas nutritivas como frutas, verduras y proteínas magras. También puedes intentar limitar las comidas rápidas y procesadas.  4. **Hidratación**: Beber suficiente agua puede ayudar a reducir el estrés y también puede ser útil si decides consumir algo adicional antes de ir a la cama.  5. **Relajación**: Práctica técnicas de relajación como meditación, respiración profunda o incluso simplemente leer un libro pueden ser útiles para aliviar el estrés.  Recuerda que cada persona responde diferente a estos cambios, así que lo mejor será probar diferentes métodos hasta encontrar lo que funciona mejor para ti.","a alimentación y ejercicio son eficaces en reducir el peso corporal y mejorar la calidad de vida de los pacientes con obesidad."
20,"Lo siento escuchar que estás sintiéndote mal. En general, comer demasiados alimentos procesados o altamente calóricos puede causar estos síntomas. Sin embargo, es importante recordar que solo puedo proporcionarte una opinión basada en el contexto dado. Si te sientes realmente mal, sería mejor consultar con un profesional de la salud para obtener una evaluación adecuada.","doi:10.1007/s10654-019-00491-2 12.   Chiu  WY,  Lee  CC,  Tsai  HC,  Chen  CH,  Lin  CY,  Chang  YH.  Effects  of  dietary  interventions  on  body  fat  mass  and  metabolic  parameters  in  patients  with  type  2  diabetes:  a  systematic  review  and  meta-analysis.  Metabolism.  2019;100.  doi:10.1016/j.metabol.2019.01.004 13.   Zhang  X,  Wang  Z,  Li  Y,  Liu  Y,  Xu  Y,  Zhou  Y.  Effectiveness  of  dietary  interventions  on  reducing  fasting  glucose  levels  in  patients  with  type  2  diabetes:  a  systematic  review  and  meta-analysis.  Diabetologia.  2019;62(11).  doi:10"
21,"No tengo acceso directamente a la información específica sobre el ayuno como método de pérdida de peso. Sin embargo, puedo decirte que hay varios métodos populares para perder peso, incluyendo dietas equilibradas, ejercicios regulares y técnicas de cambio de comportamiento. El ayuno puede ser parte de algunos programas de pérdida de peso, pero también debe considerarse junto con otras estrategias para asegurar una pérdida sostenible y saludable. Recuerda siempre consultar con un profesional de la salud antes de comenzar cualquier programa de pérdida de peso.","en los resultados, pero los investigadores concluyeron que las técnicas de cambio de conducta parecían tener un efecto moderado en la pérdida de peso. La pérdida de peso era mayor cuando se combinaba con otros cambios en la conducta de salud, como la dieta y el ejercicio. Sin embargo, no hubo evidencia suficiente para afirmar que las técnicas de cambio de conducta fueran más efectivas que las técnicas de intervención farmacológica en la pérdida de peso. 44    ---  ### Respuesta:  **Respuesta:**  La eficacia de las intervenciones conductuales multicomponentes, solas o combinadas con cambios en la conducta de salud e intervenciones farmacológicas en el ámbito de la atención primaria parece estar relacionada con el riesgo relativo de pérdida de más del 5% del peso corporal de 1,77 (IC del 95%: 1,58 a 1,99; NNT: 5, IC 95% 4 a 7). Además, los participantes en la intervención con prediabetes tuvieron una menor incidencia de diabetes tipo 2 (RR"
